day_of_week,day_num,hour_of_day,skip_rate,n
Sunday,0,0,0.47058823529411764,765
Sunday,0,1,0.44696969696969696,396
Sunday,0,2,0.22897196261682243,214
Sunday,0,3,0.3720136518771331,293
Sunday,0,4,0.28753993610223644,313
Sunday,0,5,0.3261455525606469,371
Sunday,0,6,0.3742802303262956,521
Sunday,0,7,0.3717948717948718,936
Sunday,0,8,0.3708467309753483,933
Sunday,0,9,0.37282608695652175,920
Sunday,0,10,0.3915470494417863,1254
Sunday,0,11,0.3951367781155015,1645
Sunday,0,12,0.49876543209876545,2025
Sunday,0,13,0.4968321013727561,1894
Sunday,0,14,0.45,1160
Sunday,0,15,0.44022503516174405,1422
Sunday,0,16,0.44065387348969437,1407
Sunday,0,17,0.45117335352006055,1321
Sunday,0,18,0.450036469730124,1371
Sunday,0,19,0.3914081145584726,838
Sunday,0,20,0.2648401826484018,657
Sunday,0,21,0.2818181818181818,440
Sunday,0,22,0.40066225165562913,604
Sunday,0,23,0.3894736842105263,570
Monday,1,0,0.47058823529411764,629
Monday,1,1,0.3782771535580524,267
Monday,1,2,0.39593908629441626,197
Monday,1,3,0.32653061224489793,245
Monday,1,4,0.36395759717314485,283
Monday,1,5,0.273542600896861,223
Monday,1,6,0.43297587131367293,746
Monday,1,7,0.41863517060367456,1524
Monday,1,8,0.3710965867828613,1377
Monday,1,9,0.3643958868894602,1556
Monday,1,10,0.41074950690335305,2028
Monday,1,11,0.43843358901897456,2477
Monday,1,12,0.3881006864988558,2185
Monday,1,13,0.3793103448275862,1711
Monday,1,14,0.3294375456537619,1369
Monday,1,15,0.3934156378600823,1215
Monday,1,16,0.46494907130017976,1669
Monday,1,17,0.43628269337785197,1797
Monday,1,18,0.4760322733744661,2107
Monday,1,19,0.4764002517306482,1589
Monday,1,20,0.3654390934844193,706
Monday,1,21,0.34520123839009287,646
Monday,1,22,0.44152431011826543,761
Monday,1,23,0.48186528497409326,772
Tuesday,2,0,0.48131868131868133,455
Tuesday,2,1,0.4475920679886686,353
Tuesday,2,2,0.2572614107883817,241
Tuesday,2,3,0.4622356495468278,331
Tuesday,2,4,0.35,280
Tuesday,2,5,0.3,290
Tuesday,2,6,0.3506024096385542,830
Tuesday,2,7,0.38786565547128926,1846
Tuesday,2,8,0.36195995785036883,1898
Tuesday,2,9,0.341031149301826,1862
Tuesday,2,10,0.4169900819318672,2319
Tuesday,2,11,0.34658753709198814,1685
Tuesday,2,12,0.34078549848942596,1655
Tuesday,2,13,0.4175289105295192,1643
Tuesday,2,14,0.4118046132971506,1474
Tuesday,2,15,0.3668543845534996,1243
Tuesday,2,16,0.44658493870402804,1713
Tuesday,2,17,0.47968605724838415,2166
Tuesday,2,18,0.43201542912246865,2074
Tuesday,2,19,0.37942779291553136,1468
Tuesday,2,20,0.36268656716417913,670
Tuesday,2,21,0.2849740932642487,579
Tuesday,2,22,0.36850393700787404,635
Tuesday,2,23,0.44325481798715205,934
Wednesday,3,0,0.5251282051282051,975
Wednesday,3,1,0.5451388888888888,576
Wednesday,3,2,0.4025423728813559,236
Wednesday,3,3,0.287292817679558,181
Wednesday,3,4,0.2604166666666667,96
Wednesday,3,5,0.2978723404255319,141
Wednesday,3,6,0.3794466403162055,506
Wednesday,3,7,0.4158311345646438,1895
Wednesday,3,8,0.41222760290556903,1652
Wednesday,3,9,0.39496940856560164,1471
Wednesday,3,10,0.41815680880330125,2181
Wednesday,3,11,0.3964894166236448,1937
Wednesday,3,12,0.36152471709350803,1679
Wednesday,3,13,0.343027591349739,1341
Wednesday,3,14,0.2921875,1280
Wednesday,3,15,0.40792682926829266,1640
Wednesday,3,16,0.4190064794816415,1852
Wednesday,3,17,0.5009552923194498,2617
Wednesday,3,18,0.5232602845059593,2601
Wednesday,3,19,0.5218352681039248,1809
Wednesday,3,20,0.44352617079889806,726
Wednesday,3,21,0.40558510638297873,752
Wednesday,3,22,0.32300163132137033,613
Wednesday,3,23,0.4276401564537158,767
Thursday,4,0,0.47737909516380655,641
Thursday,4,1,0.45103857566765576,337
Thursday,4,2,0.33519553072625696,179
Thursday,4,3,0.3564356435643564,101
Thursday,4,4,0.4492753623188406,69
Thursday,4,5,0.38636363636363635,88
Thursday,4,6,0.37094281298299847,647
Thursday,4,7,0.4648750589344649,2121
Thursday,4,8,0.421604614577871,1907
Thursday,4,9,0.31979368149580917,1551
Thursday,4,10,0.3608355091383812,1915
Thursday,4,11,0.3756578947368421,1520
Thursday,4,12,0.39606592238171184,1881
Thursday,4,13,0.40615570307785154,1657
Thursday,4,14,0.3736910994764398,1528
Thursday,4,15,0.4181184668989547,1435
Thursday,4,16,0.46994535519125685,1830
Thursday,4,17,0.45987825124515774,1807
Thursday,4,18,0.41458333333333336,1440
Thursday,4,19,0.39014202172096907,1197
Thursday,4,20,0.367816091954023,870
Thursday,4,21,0.39097744360902253,532
Thursday,4,22,0.6132167152575316,1029
Thursday,4,23,0.469061876247505,1002
Friday,5,0,0.5277777777777778,864
Friday,5,1,0.3972602739726027,365
Friday,5,2,0.3821656050955414,314
Friday,5,3,0.4107744107744108,297
Friday,5,4,0.34441087613293053,331
Friday,5,5,0.3853211009174312,218
Friday,5,6,0.35181644359464626,523
Friday,5,7,0.4451219512195122,1804
Friday,5,8,0.4612384202827889,2051
Friday,5,9,0.41492146596858637,1528
Friday,5,10,0.3569636135508156,1594
Friday,5,11,0.3730979914790018,1643
Friday,5,12,0.3907608695652174,1840
Friday,5,13,0.43953116675546083,1877
Friday,5,14,0.38727272727272727,1650
Friday,5,15,0.33136593591905567,1186
Friday,5,16,0.5097613882863341,1844
Friday,5,17,0.543592186755598,2099
Friday,5,18,0.5067536096879367,2147
Friday,5,19,0.4015151515151515,924
Friday,5,20,0.28421052631578947,380
Friday,5,21,0.44846796657381616,359
Friday,5,22,0.43521594684385384,301
Friday,5,23,0.471169686985173,607
Saturday,6,0,0.471875,640
Saturday,6,1,0.4552238805970149,536
Saturday,6,2,0.44047619047619047,336
Saturday,6,3,0.3888888888888889,270
Saturday,6,4,0.3543046357615894,302
Saturday,6,5,0.3700787401574803,254
Saturday,6,6,0.4217585692995529,671
Saturday,6,7,0.3581445523193096,927
Saturday,6,8,0.35108958837772397,826
Saturday,6,9,0.4042316258351893,898
Saturday,6,10,0.4144486692015209,1315
Saturday,6,11,0.3719590268886043,1562
Saturday,6,12,0.3698630136986301,1752
Saturday,6,13,0.48055555555555557,1800
Saturday,6,14,0.42565597667638483,1029
Saturday,6,15,0.44280442804428044,1084
Saturday,6,16,0.4087089381207028,1309
Saturday,6,17,0.4416452442159383,1945
Saturday,6,18,0.45044052863436124,1816
Saturday,6,19,0.4521575984990619,1066
Saturday,6,20,0.4441747572815534,412
Saturday,6,21,0.37333333333333335,300
Saturday,6,22,0.5355555555555556,450
Saturday,6,23,0.4577836411609499,758
